create database ola_uber;

use ola_uber;

CREATE TABLE CUSTOMER(
CUSTOMER_ID INT PRIMARY KEY,
NAME VARCHAR(20),
EMAIL VARCHAR(20),
DOB date,
RATING int
);
INSERT INTO CUSTOMER (CUSTOMER_ID, NAME, EMAIL, DOB, RATING) VALUES
(1, 'Neha', 'Neha@gmail.com', '1993-02-14', 3),
(2, 'Rahul', 'Rahul@gmail.com', '1995-05-10', 5),
(3, 'Sneha', 'Sneha@gmail.com', '1988-03-15', 3),
(4, 'Anjali', 'Anjali@gmail.com', '2000-01-20', 4),
(5, 'Rohit', 'Rohit@gmail.com', '1992-11-30', 2),
(11, 'Megha', 'Megha@gmail.com', '1997-06-05', 5),
(12, 'Raj', 'Raj@gmail.com', '1992-03-03', 4),
(13, 'Simran', 'Simran@gmail.com', '1996-04-12', 3),
(14, 'Vikram', 'Vikram@gmail.com', '1993-08-25', 5),
(15, 'Priya', 'Priya@gmail.com', '1988-02-14', 4),
(16, 'Arjun', 'Arjun@gmail.com', '1991-09-20', 3),
(17, 'Nidhi', 'Nidhi@gmail.com', '1990-01-10', 5),
(18, 'Manoj', 'Manoj@gmail.com', '1987-05-22', 2),
(19, 'Shruti', 'Shruti@gmail.com', '1995-11-13', 4),
(20, 'Ravi', 'Ravi@gmail.com', '1999-07-30', 3),
(21, 'Rakesh', 'Rakesh@gmail.com', '1986-03-16', 4),
(22, 'Smita', 'Smita@gmail.com', '1993-08-19', 5),
(23, 'Tina', 'Tina@gmail.com', '1997-02-25', 3),
(24, 'Akhil', 'Akhil@gmail.com', '1989-09-30', 4),
(25, 'Deepak', 'Deepak@gmail.com', '1995-12-15', 2),
(26, 'Sakshi', 'Sakshi@gmail.com', '1991-04-20', 5),
(27, 'Vikas', 'Vikas@gmail.com', '1990-10-05', 4),
(28, 'Anita', 'Anita@gmail.com', '1988-07-12', 3),
(29, 'Kavita', 'Kavita@gmail.com', '1994-01-29', 5),
(30, 'Arvind', 'Arvind@gmail.com', '1992-06-18', 4),
(31, 'Pankaj', 'Pankaj@gmail.com', '1985-08-22', 3),
(32, 'Monika', 'Monika@gmail.com', '1999-11-27', 5),
(33, 'Sunil', 'Sunil@gmail.com', '1993-05-14', 4),
(34, 'Nikita', 'Nikita@gmail.com', '1996-09-10', 3),
(35, 'Ajay', 'Ajay@gmail.com', '1991-03-21', 5),
(36, 'Geeta', 'Geeta@gmail.com', '1990-12-07', 4),
(37, 'Prakash', 'Prakash@gmail.com', '1988-02-11', 3),
(38, 'Harish', 'Harish@gmail.com', '1987-06-30', 2),
(39, 'Shweta', 'Shweta@gmail.com', '1995-04-03', 5),
(40, 'Kamal', 'Kamal@gmail.com', '1997-10-25', 4),
(41, 'Varun', 'Varun@gmail.com', '1992-01-16', 3),
(42, 'Neeta', 'Neeta@gmail.com', '1994-08-09', 5),
(43, 'Ishaan', 'Ishaan@gmail.com', '1998-12-19', 4),
(44, 'Payal', 'Payal@gmail.com', '1996-05-25', 3),
(45, 'Ganesh', 'Ganesh@gmail.com', '1991-10-14', 5),
(46, 'Rekha', 'Rekha@gmail.com', '1990-09-12', 4),
(47, 'Santosh', 'Santosh@gmail.com', '1987-03-10', 2),
(48, 'Bhavna', 'Bhavna@gmail.com', '1989-06-24', 3),
(49, 'Lalit', 'Lalit@gmail.com', '1995-07-21', 4),
(50, 'Snehal', 'Snehal@gmail.com', '1994-02-16', 5),
(51, 'Rahul', 'Rahul2@gmail.com', '1993-11-28', 4),
(52, 'Nisha', 'Nisha@gmail.com', '1990-10-20', 3),
(53, 'Ramesh', 'Ramesh@gmail.com', '1988-05-06', 5),
(54, 'Mansi', 'Mansi@gmail.com', '1997-01-09', 4),
(55, 'Shyam', 'Shyam@gmail.com', '1992-03-14', 3),
(56, 'Priti', 'Priti@gmail.com', '1991-07-02', 5),
(57, 'Gopal', 'Gopal@gmail.com', '1986-04-25', 4),
(58, 'Ritu', 'Ritu@gmail.com', '1993-06-07', 3),
(59, 'Tarun', 'Tarun@gmail.com', '1994-11-19', 2),
(60, 'Jaya', 'Jaya@gmail.com', '1995-09-04', 5),
(61, 'Aruna', 'Aruna@gmail.com', '1989-08-22', 4),
(62, 'Vivek', 'Vivek@gmail.com', '1990-12-02', 3),
(63, 'Charu', 'Charu@gmail.com', '1997-03-18', 5),
(64, 'Dev', 'Dev@gmail.com', '1998-10-11', 4),
(65, 'Bhavesh', 'Bhavesh@gmail.com', '1985-09-06', 3),
(66, 'Tanya', 'Tanya@gmail.com', '1996-04-01', 5),
(67, 'Harini', 'Harini@gmail.com', '1994-02-20', 4),
(68, 'Alok', 'Alok@gmail.com', '1991-08-08', 3),
(69, 'Bharat', 'Bharat@gmail.com', '1990-06-19', 5),
(70, 'Chitra', 'Chitra@gmail.com', '1987-12-23', 4),
(71, 'Hemant', 'Hemant@gmail.com', '1992-05-08', 3),
(72, 'Jayant', 'Jayant@gmail.com', '1995-01-15', 5),
(73, 'Kajal', 'Kajal@gmail.com', '1996-11-05', 4),
(74, 'Leena', 'Leena@gmail.com', '1989-04-12', 3),
(75, 'Mohit', 'Mohit@gmail.com', '1993-07-19', 2),
(76, 'Neeraj', 'Neeraj@gmail.com', '1997-08-30', 5),
(77, 'Omkar', 'Omkar@gmail.com', '1988-09-14', 4),
(78, 'Pranav', 'Pranav@gmail.com', '1990-11-22', 3),
(79, 'Quinn', 'Quinn@gmail.com', '1995-12-03', 5),
(80, 'Rashi', 'Rashi@gmail.com', '1991-03-29', 4),
(81, 'Sarita', 'Sarita@gmail.com', '1992-10-11', 3),
(82, 'Tushar', 'Tushar@gmail.com', '1986-02-07', 5),
(83, 'Uma', 'Uma@gmail.com', '1994-06-30', 4),
(84, 'Vimal', 'Vimal@gmail.com', '1997-09-13', 3),
(85, 'Yash', 'Yash@gmail.com', '1993-11-21', 5),
(86, 'Zoya', 'Zoya@gmail.com', '1989-01-19', 4),
(87, 'Akshay', 'Akshay@gmail.com', '1990-05-17', 3),
(88, 'Bina', 'Bina@gmail.com', '1991-07-26', 5),
(89, 'Chetan', 'Chetan@gmail.com', '1996-09-12', 4),
(90, 'Dinesh', 'Dinesh@gmail.com', '1987-10-23', 3),
(91, 'Esha', 'Esha@gmail.com', '1995-11-30', 5),
(92, 'Farhan', 'Farhan@gmail.com', '1992-12-25', 4),
(93, 'Gauri', 'Gauri@gmail.com', '1993-04-03', 3),
(94, 'Harsh', 'Harsh@gmail.com', '1990-08-19', 2),
(95, 'Ira', 'Ira@gmail.com', '1997-05-20', 5),
(96, 'Jatin', 'Jatin@gmail.com', '1994-03-14', 4),
(97, 'Kiran', 'Kiran@gmail.com', '1991-12-17', 3),
(98, 'Lata', 'Lata@gmail.com', '1988-06-09', 5),
(99, 'Mohan', 'Mohan@gmail.com', '1993-02-04', 4),
(100, 'Nilesh', 'Nilesh@gmail.com', '1996-10-08', 3);


use ola_uber;

alter table Customer
Add constraint check( RATING between 1 And 5);
 #####################################################################################################################################
 
CREATE TABLE DRIVER(
DRIVER_ID INT PRIMARY KEY,
NAME VARCHAR(20),
EMAIL VARCHAR(20),
DOB date,
RATING int
);
INSERT INTO DRIVER (DRIVER_ID, NAME, EMAIL, DOB, RATING) VALUES 
(101, 'Rahul Verma', 'rahul@gmail.com', '1980-04-17', 4),
(102, 'Sneha Iyer', 'sneha@gmail.com', '1986-07-29', 3),
(103, 'Karan Nair', 'karan@gmail.com', '1991-02-19', 4),
(104, 'Rhea Desai', 'rhea@gmail.com', '1993-10-14', 2),
(105, 'Akash Gupta', 'akash@gmail.com', '1987-09-25', 1),
(111, 'Ravi Kumar', 'ravi.k@gmail.com', '1990-05-12', 5),
(112, 'Amit Singh', 'amit.s@gmail.com', '1985-08-19', 4),
(113, 'Rahul Verma', 'rahul.v@gmail.com', '1980-04-17', 4),
(114, 'Sunita Sharma', 'sunita.s@gmail.com', '1992-07-08', 5),
(115, 'Amit Singh', 'amit.u1@gmail.com', '1986-01-15', 3),
(116, 'Ravi Kumar', 'ravi.u2@gmail.com', '1989-11-22', 4),
(117, 'Anita Verma', 'anita.v@gmail.com', '1987-03-22', 5),
(118, 'Ravi Kumar', 'ravi.u3@gmail.com', '1991-06-10', 3),
(119, 'Amit Singh', 'amit.u2@gmail.com', '1987-04-05', 5),
(120, 'Rahul Verma', 'rahul.u1@gmail.com', '1981-12-09', 3),
(121, 'Sunita Sharma', 'sunita.u1@gmail.com', '1993-03-18', 4),
(122, 'Ravi Kumar', 'ravi.u4@gmail.com', '1992-09-14', 3),
(123, 'Amit Singh', 'amit.u3@gmail.com', '1986-07-23', 5),
(124, 'Rahul Verma', 'rahul.u2@gmail.com', '1982-02-27', 4),
(125, 'Sunita Sharma', 'sunita.u2@gmail.com', '1994-05-03', 3),
(126, 'Ravi Kumar', 'ravi.u5@gmail.com', '1990-08-20', 5),
(127, 'Amit Singh', 'amit.u4@gmail.com', '1988-10-11', 4),
(128, 'Rahul Verma', 'rahul.u3@gmail.com', '1983-06-15', 3),
(129, 'Sunita Sharma', 'sunita.u3@gmail.com', '1991-01-08', 4),
(130, 'Anita Verma', 'anita.u1@gmail.com', '1987-11-30', 5);

alter table Driver
add constraint check(RATING between 1 and 5);

#####################################################################################################################################
CREATE TABLE PAYMENT_INFO(
PAYMENT_ID INT PRIMARY KEY,
PAYMENT_MODE VARCHAR(20)
);

INSERT INTO Payment_Info (Payment_ID, Payment_Mode) VALUES 
(1111,'Cash'),
(1112,'Credit Card'),
(1113,'Debit Card'),
(1114,'UPI'),
(1115,'Net Banking'),
(1123, 'Cash'),
(1124, 'Credit Card'),
(1125, 'Debit Card'),
(1126, 'UPI'),
(1127, 'Net Banking'),
(1128, 'Cash'),
(1129, 'Credit Card'),
(1130, 'Debit Card'),
(1131, 'UPI'),
(1132, 'Net Banking'),
(1133, 'Cash'),
(1134, 'Credit Card'),
(1135, 'Debit Card'),
(1136, 'UPI'),
(1137, 'Net Banking'),
(1138, 'Cash'),
(1139, 'Credit Card'),
(1140, 'Debit Card'),
(1141, 'UPI'),
(1142, 'Net Banking'),
(1143, 'Cash'),
(1144, 'Credit Card'),
(1145, 'Debit Card'),
(1146, 'UPI'),
(1147, 'Net Banking'),
(1148, 'Cash'),
(1149, 'Credit Card'),
(1150, 'Debit Card'),
(1151, 'UPI'),
(1152, 'Net Banking'),
(1153, 'Cash'),
(1154, 'Credit Card'),
(1155, 'Debit Card'),
(1156, 'UPI'),
(1157, 'Net Banking'),
(1158, 'Cash'),
(1159, 'Credit Card'),
(1160, 'Debit Card'),
(1161, 'UPI'),
(1162, 'Net Banking'),
(1163, 'Cash'),
(1164, 'Credit Card'),
(1165, 'Debit Card'),
(1166, 'UPI'),
(1167, 'Net Banking'),
(1168, 'Cash'),
(1169, 'Credit Card'),
(1170, 'Debit Card'),
(1171, 'UPI'),
(1172, 'Net Banking');

########################################################################################################################################
CREATE TABLE VEHICLE(
VEHICLE_ID INT PRIMARY KEY,
MODEL VARCHAR(20),
CATEGORY VARCHAR(20),
YEAR DATE,
COLOR VARCHAR(20),
KM INT
);
INSERT INTO Vehicle (Vehicle_ID, Model, Year, Category, Color, KM) VALUES 
(11,'Maruti Swift', '2020-12-23', 'Hatchback', 'White', 15000),
(12,'Hyundai Creta', '2019-07-22', 'SUV', 'Black', 20000),
(13,'Tata Nexon', '2021-02-02', 'SUV', 'Blue', 12000),
(14,'Honda City', '2018-06-06', 'Sedan', 'Grey', 25000),
(15,'Mahindra Scorpio', '2017-08-12', 'SUV', 'Red', 30000),
(16,'Tata Nexon', '2022-10-25', 'SUV', 'Black', 25000),
(18, 'Toyota Innova', '2018-05-15', 'MPV', 'Silver', 40000),
(19, 'Ford EcoSport', '2020-09-10', 'SUV', 'Blue', 18000),
(20, 'Kia Seltos', '2019-11-20', 'SUV', 'Orange', 22000),
(21, 'Renault Duster', '2018-02-14', 'SUV', 'White', 36000),
(22, 'Volkswagen Polo', '2021-03-23', 'Hatchback', 'Red', 10000),
(23, 'Skoda Superb', '2017-07-29', 'Sedan', 'Black', 45000),
(24, 'Jeep Compass', '2020-01-12', 'SUV', 'Green', 15000),
(25, 'MG Hector', '2019-12-08', 'SUV', 'Grey', 23000),
(26, 'Hyundai Verna', '2018-06-18', 'Sedan', 'Blue', 28000),
(27, 'Suzuki Baleno', '2021-09-22', 'Hatchback', 'Silver', 8000),
(28, 'Honda Jazz', '2020-04-07', 'Hatchback', 'Yellow', 14000),
(29, 'Tata Harrier', '2019-11-11', 'SUV', 'Brown', 27000),
(30, 'Nissan Magnite', '2021-05-16', 'SUV', 'Red', 12000),
(31, 'Mahindra XUV500', '2018-08-09', 'SUV', 'Silver', 32000),
(32, 'Toyota Fortuner', '2019-01-01', 'SUV', 'White', 30000),
(33, 'Hyundai i20', '2020-10-21', 'Hatchback', 'Blue', 15000),
(34, 'Ford Endeavour', '2018-03-03', 'SUV', 'Black', 39000),
(35, 'Renault Kwid', '2021-12-12', 'Hatchback', 'Orange', 5000),
(36, 'Kia Carnival', '2020-08-30', 'MPV', 'Grey', 21000),
(37, 'Suzuki WagonR', '2017-06-05', 'Hatchback', 'White', 38000),
(38, 'Tata Altroz', '2019-04-15', 'Hatchback', 'Red', 20000),
(39, 'Honda WR-V', '2021-02-27', 'SUV', 'Silver', 16000),
(40, 'MG Gloster', '2020-09-19', 'SUV', 'Black', 25000),
(41, 'Hyundai Venue', '2019-07-04', 'SUV', 'Blue', 24000),
(42, 'Suzuki Ciaz', '2018-11-22', 'Sedan', 'Grey', 35000),
(43, 'Tata Tigor', '2021-06-13', 'Sedan', 'White', 12000),
(44, 'Toyota Camry', '2020-01-25', 'Sedan', 'Green', 18000),
(45, 'Ford Figo', '2019-05-30', 'Hatchback', 'Yellow', 19000),
(46, 'Skoda Rapid', '2018-12-09', 'Sedan', 'Black', 40000),
(47, 'Volkswagen Vento', '2021-07-17', 'Sedan', 'Blue', 15000);

#####################################################################################################################################
CREATE TABLE COUPONS(
COUPON_ID INT PRIMARY KEY,
TEXT VARCHAR(20) UNIQUE,
VALUE VARCHAR(20),
VALIDITY INT,
START_DATE date
);

INSERT INTO Coupons (Coupon_ID, Text, Value, Validity, Start_Date) VALUES 
(1,'NEWYEAR2024', '15%', 30, '2024-01-01'),
(2,'SUMMER2024', '10%', 45, '2024-04-01'),
(3,'FESTIVAL2024', '20%', 60, '2024-08-01'),
(4,'WINTER2024', '25%', 30, '2024-11-01'),
(5,'HOLI2024', '5%', 15, '2024-03-01'),
(10, 'XMAS2024', '30%', 25, '2024-12-10'),
(11, 'BLACKFRIDAY2024', '35%', 10, '2024-11-29'),
(12, 'CYBERMONDAY2024', '28%', 15, '2024-12-02'),
(13, 'FLASHSALE2024', '5%', 7, '2024-06-10'),
(14, 'WOMENSDAY2024', '12%', 10, '2024-03-08'),
(15, 'REPUBLICDAY2024', '15%', 20, '2024-01-26'),
(16, 'INDEPENDENCE2024', '17%', 30, '2024-08-15'),
(17, 'TEACHERSDAY2024', '10%', 15, '2024-09-05'),
(18, 'CHILDSDAY2024', '7%', 10, '2024-11-14'),
(19, 'FOODFEST2024', '25%', 25, '2024-07-01'),
(20, 'TRAVEL2024', '20%', 45, '2024-04-15'),
(21, 'BACKTOSCHOOL2024', '18%', 30, '2024-06-20'),
(22, 'WINTERSPECIAL2024', '22%', 35, '2024-12-01'),
(23, 'SUMMERSPLASH2024', '15%', 40, '2024-05-01'),
(24, 'MONSOON2024', '10%', 20, '2024-07-15'),
(25, 'FESTIVEOFFER2024', '30%', 60, '2024-09-20'),
(26, 'ENDOFSEASON2024', '35%', 50, '2024-08-25'),
(27, 'NEWARRIVALS2024', '5%', 15, '2024-02-01'),
(28, 'WEEKENDSALE2024', '8%', 10, '2024-03-20'),
(29, 'HOLIDAY2024', '25%', 25, '2024-12-24'),
(30, 'EARLYBIRD2024', '18%', 20, '2024-01-15'),
(31, 'MIDYEAR2024', '20%', 45, '2024-06-01'),
(32, 'FALLSALE2024', '15%', 30, '2024-09-10'),
(33, 'MEGASALE2024', '40%', 10, '2024-11-25'),
(34, 'LOYALTY2024', '12%', 60, '2024-05-10'),
(35, 'BIRTHDAY2024', '20%', 7, '2024-10-01');

######################################################################################################################################

CREATE TABLE TRIPS(
TRIP_ID INT Primary key,
CUSTOMER_ID INT,
DRIVER_ID INT,
VEHICLE_ID INT,
PAYMENT_ID INT,
FARE INT,
STATUS VARCHAR(20),
DISTANCE INT,
START_LOCATION VARCHAR(20),
END_LOCATION VARCHAR(20),
START_DATE_TIME DATETIME,
END_DATE_TIME DATETIME,
COUPON_ID INT,
PAYMENT_MODE VARCHAR(20),
OTP INT,

FOREIGN KEY (CUSTOMER_ID) REFERENCES CUSTOMER (CUSTOMER_ID),
FOREIGN KEY (DRIVER_ID) REFERENCES DRIVER (DRIVER_ID),
FOREIGN KEY (VEHICLE_ID) REFERENCES VEHICLE (VEHICLE_ID),
FOREIGN KEY (COUPON_ID) REFERENCES COUPONS (COUPON_ID),
FOREIGN KEY (PAYMENT_ID) REFERENCES PAYMENT_INFO (PAYMENT_ID)
);


INSERT INTO Trips (Trip_ID, Customer_ID, Driver_ID, Vehicle_ID, Payment_ID, Fare, Status, Distance, Start_Location, End_Location, Start_Date_Time, End_Date_Time, Coupon_ID, Payment_Mode, OTP) VALUES 
(1001, 1, 101, 11, 1111, 500, 'Completed', 15, 'Mumbai', 'Pune', '2024-06-01 08:00:00', '2024-06-01 10:00:00', 1, 'Cash', 1234),
(1002, 2, 102, 12, 1112, 800, 'Completed', 25, 'Bangalore', 'Mysore', '2024-06-15 09:00:00', '2024-06-15 11:30:00', 2, 'Credit Card', 5678),
(1003, 3, 103, 13, 1113, 400, 'Completed', 10, 'Chennai', 'Kanchipuram', '2024-06-20 07:30:00', '2024-06-20 08:30:00', 3, 'Debit Card', 2345),
(1004, 4, 104, 14, 1114, 700, 'Completed', 20, 'Delhi', 'Agra', '2024-06-25 06:00:00', '2024-06-25 09:00:00', 4, 'UPI', 6789),
(1005, 5, 105, 15, 1115, 900, 'Completed', 30, 'Ahmedabad', 'Vadodara', '2024-06-30 05:30:00', '2024-06-30 08:00:00', 5, 'Debit card', 3456),
(1009, 5, 111, 15, 1115, 600, 'Completed', 18, 'Kolkata', 'Howrah', '2024-06-30 08:45:00', '2024-06-30 10:00:00', 1, 'Cash', 4321),
(1010, 6, 112, 16, 1116, 750, 'Incomplete', 22, 'Mumbai', 'Navi Mumbai', '2024-07-02 07:00:00', '2024-07-02 09:00:00', 2, 'Credit Card', 8765),
(1011, 7, 113, 17, 1117, 950, 'Pending', 30, 'Bangalore', 'Mysore', '2024-07-03 06:30:00', '2024-07-03 09:00:00', 3, 'Debit Card', 9876),
(1012, 8, 114, 18, 1118, 400, 'Completed', 12, 'Delhi', 'Noida', '2024-07-04 07:15:00', '2024-07-04 08:00:00', 4, 'UPI', 1122),
(1013, 9, 115, 19, 1119, 800, 'Completed', 24, 'Chennai', 'Pondicherry', '2024-07-05 08:00:00', '2024-07-05 11:00:00', 5, 'Cash', 3344),
(1014, 10, 116, 20, 1120, 600, 'Incomplete', 16, 'Hyderabad', 'Secunderabad', '2024-07-06 08:30:00', '2024-07-06 09:30:00', 6, 'Credit Card', 5566),
(1015, 11, 117, 21, 1121, 500, 'Pending', 14, 'Pune', 'Mumbai', '2024-07-07 07:00:00', '2024-07-07 09:00:00', 7, 'Debit Card', 6677),
(1016, 12, 118, 22, 1122, 700, 'Completed', 18, 'Kolkata', 'Durgapur', '2024-07-08 06:45:00', '2024-07-08 08:30:00', 8, 'UPI', 7788),
(1017, 13, 119, 23, 1123, 850, 'Pending', 26, 'Delhi', 'Agra', '2024-07-09 06:30:00', '2024-07-09 08:15:00', 9, 'Cash', 8899),
(1018, 14, 120, 24, 1124, 600, 'Completed', 20, 'Chennai', 'Vellore', '2024-07-10 08:15:00', '2024-07-10 09:30:00', 10, 'Credit Card', 9900),
(1019, 15, 121, 25, 1125, 750, 'Incomplete', 28, 'Hyderabad', 'Warangal', '2024-07-11 07:00:00', '2024-07-11 09:15:00', 1, 'Debit Card', 1010),
(1020, 16, 122, 26, 1126, 900, 'Completed', 30, 'Mumbai', 'Navi Mumbai', '2024-07-12 06:30:00', '2024-07-12 09:00:00', 2, 'UPI', 1111),
(1021, 17, 123, 27, 1127, 650, 'Pending', 22, 'Bangalore', 'Tumkur', '2024-07-13 07:30:00', '2024-07-13 09:00:00', 3, 'Cash', 1222),
(1022, 18, 124, 28, 1128, 550, 'Completed', 16, 'Delhi', 'Meerut', '2024-07-14 08:00:00', '2024-07-14 09:15:00', 4, 'Credit Card', 1333),
(1023, 19, 125, 29, 1129, 700, 'Incomplete', 18, 'Chennai', 'Trichy', '2024-07-15 06:30:00', '2024-07-15 08:30:00', 5, 'Debit Card', 1444),
(1024, 20, 126, 30, 1130, 850, 'Completed', 26, 'Hyderabad', 'Kurnool', '2024-07-16 08:00:00', '2024-07-16 10:00:00', 6, 'UPI', 1555),
(1025, 21, 127, 31, 1131, 650, 'Pending', 20, 'Mumbai', 'Thane', '2024-07-17 07:15:00', '2024-07-17 09:00:00', 7, 'Credit Card', 1666),
(1026, 22, 128, 32, 1132, 700, 'Completed', 24, 'Bangalore', 'Mysore', '2024-07-18 06:45:00', '2024-07-18 08:30:00', 8, 'Debit Card', 1777),
(1027, 23, 129, 33, 1133, 550, 'Completed', 14, 'Chennai', 'Kanchipuram', '2024-07-19 08:30:00', '2024-07-19 09:15:00', 9, 'UPI', 1888),
(1028, 24, 130, 34, 1134, 950, 'Pending', 32, 'Delhi', 'Agra', '2024-07-20 07:00:00', '2024-07-20 09:30:00', 10, 'Cash', 1999),
(1029, 25, 123, 35, 1125, 600, 'Completed', 18, 'Hyderabad', 'Nellore', '2024-07-21 08:00:00', '2024-07-21 09:30:00', 1, 'Credit Card', 2111),
(1030, 26, 125, 36, 1126, 700, 'Completed', 20, 'Mumbai', 'Pune', '2024-07-22 07:15:00', '2024-07-22 09:00:00', 2, 'Debit Card', 2222),
(1031, 27, 117, 37, 1127, 650, 'Completed', 22, 'Bangalore', 'Mysore', '2024-07-23 06:45:00', '2024-07-23 08:30:00', 3, 'UPI', 2333),
(1032, 28, 128, 38, 1128, 500, 'Pending', 16, 'Chennai', 'Tiruvannamalai', '2024-07-24 07:30:00', '2024-07-24 09:00:00', 4, 'Cash', 2444),
(1033, 29, 113, 39, 1129, 750, 'Completed', 28, 'Delhi', 'Faridabad', '2024-07-25 08:00:00', '2024-07-25 09:30:00', 5, 'Credit Card', 2555),
(1034, 30, 116, 40, 1130, 850, 'Completed', 30, 'Hyderabad', 'Warangal', '2024-07-26 08:30:00', '2024-07-26 10:00:00', 6, 'Debit Card', 2666),
(1035, 31, 118, 41, 1131, 600, 'Pending', 18, 'Mumbai', 'Thane', '2024-07-27 07:45:00', '2024-07-27 09:00:00', 7, 'UPI', 2777),
(1036, 32, 122, 42, 1132, 900, 'Completed', 32, 'Bangalore', 'Chikmagalur', '2024-07-28 06:30:00', '2024-07-28 09:00:00', 8, 'Cash', 2888),
(1037, 33, 114, 43, 1133, 500, 'Pending', 14, 'Chennai', 'Vellore', '2024-07-29 08:00:00', '2024-07-29 09:15:00', 9, 'Credit Card', 2999),
(1038, 34, 127, 44, 1134, 650, 'Completed', 24, 'Delhi', 'Gurgaon', '2024-07-30 07:30:00', '2024-07-30 09:00:00', 10, 'Debit Card', 3111),
(1039, 35, 115, 45, 1135, 700, 'Completed', 20, 'Hyderabad', 'Khammam', '2024-07-31 06:45:00', '2024-07-31 08:30:00', 1, 'UPI', 3222),
(1040, 36, 120, 46, 1136, 850, 'Pending', 28, 'Mumbai', 'Navi Mumbai', '2024-08-01 07:00:00', '2024-08-01 09:30:00', 2, 'Cash', 3333),
(1041, 37, 119, 47, 1137, 600, 'Completed', 18, 'Bangalore', 'Hassan', '2024-08-02 08:00:00', '2024-08-02 09:30:00', 3, 'Credit Card', 3444),
(1042, 38, 121, 41, 1138, 750, 'Completed', 22, 'Chennai', 'Vellore', '2024-08-03 08:30:00', '2024-08-03 09:45:00', 4, 'Debit Card', 3555),
(1043, 39, 123, 42, 1139, 900, 'Completed', 30, 'Delhi', 'Noida', '2024-08-04 07:30:00', '2024-08-04 09:00:00', 5, 'UPI', 3666),
(1044, 40, 124, 38, 1140, 650, 'Pending', 16, 'Hyderabad', 'Warangal', '2024-08-05 06:45:00', '2024-08-05 08:00:00', 6, 'Cash', 3777),
(1045, 41, 126, 29, 1141, 500, 'Completed', 14, 'Mumbai', 'Kalyan', '2024-08-06 08:00:00', '2024-08-06 09:30:00', 7, 'Credit Card', 3888),
(1046, 42, 117, 11, 1142, 650, 'Completed', 18, 'Bangalore', 'Mysore', '2024-08-07 07:30:00', '2024-08-07 09:00:00', 8, 'Debit Card', 3999),
(1047, 43, 130, 12, 1143, 750, 'Completed', 20, 'Chennai', 'Pondicherry', '2024-08-08 08:30:00', '2024-08-08 10:00:00', 9, 'UPI', 4111),
(1048, 44, 125, 14, 1144, 800, 'Pending', 22, 'Delhi', 'Agra', '2024-08-09 07:00:00', '2024-08-09 08:30:00', 10, 'Cash', 4222),
(1049, 45, 128, 15, 1145, 950, 'Completed', 24, 'Hyderabad', 'Karimnagar', '2024-08-10 06:45:00', '2024-08-10 08:30:00', 1, 'Credit Card', 4333),
(1050, 46, 112, 18, 1156, 600, 'Completed', 16, 'Mumbai', 'Thane', '2024-08-11 07:15:00', '2024-08-11 09:00:00', 2, 'Debit Card', 4444),
(1051,47,123,34,1157,700,'Completed',28,'Bangalore','Hubli','2024-08-12 06:30:00','2024-08-12 08:30:00',3,'UPI',4555), 
(1052,48,115,20,1158,850,'Completed',30,'Chennai','Madurai','2024-08-13 07:00:00','2024-08-13 09:00:00',4,'Cash',4666),
(1053,49,128,21,1159,600,'Pending',20,'Delhi','Noida','2024-08-14 08:00:00','2024-08-14 09:30:00',5,'Credit Card',4777),
(1054,50,112,22,1160,700,'Completed',24,'Hyderabad','Warangal','2024-08-15 07:15:00','2024-08-15 09:00:00',6,'Debit Card',4888),
(1055,51,117,23,1161,800,'Completed',26,'Mumbai','Navi Mumbai','2024-08-16 06:45:00','2024-08-16 08:15:00',7,'UPI',4999),
(1056,52,121,24,1162,950,'Completed',32,'Bangalore','Mysore','2024-08-17 07:00:00','2024-08-17 09:00:00',8,'Cash',5111),
(1057,53,114,26,1163,750,'Completed',28,'Chennai','Vellore','2024-08-18 08:30:00','2024-08-18 10:00:00',9,'Credit Card',5222),
(1058,54,130,27,1164,600,'Pending',16,'Delhi','Agra','2024-08-19 07:45:00','2024-08-19 09:00:00',10,'Debit Card',5333),
(1059,55,119,28,1165,650,'Completed',20,'Hyderabad','Khammam','2024-08-20 08:00:00','2024-08-20 09:30:00',1,'UPI',5444),
(1060,56,116,30,1166,700,'Completed',22,'Mumbai','Thane','2024-08-21 06:30:00','2024-08-21 08:15:00',2,'Cash',5555),
(1061,57,113,33,1167,750,'Completed',24,'Bangalore','Mysore','2024-08-22 07:00:00','2024-08-22 09:00:00',3,'Credit Card',5666),
(1062,58,122,45,1168,850,'Completed',26,'Chennai','Coimbatore','2024-08-23 07:30:00','2024-08-23 09:30:00',4,'Debit Card',5777),
(1063,59,127,43,1169,600,'Pending',18,'Delhi','Gurgaon','2024-08-24 08:00:00','2024-08-24 09:30:00',5,'UPI',5888),
(1064,60,119,46,1170,700,'Completed',30,'Hyderabad','Warangal','2024-08-25 06:45:00','2024-08-25 08:30:00',6,'Cash',5999),
(1065,61,114,47,1171,800,'Completed',32,'Mumbai','Pune','2024-08-26 07:00:00','2024-08-26 09:00:00',7,'Credit Card',6111),
(1066,62,118,21,1172,950,'Pending',34,'Bangalore','Chennai','2024-08-27 07:15:00','2024-08-27 09:30:00',8,'Debit Card',6222),
(1067,63,120,31,1134,600,'Completed',16,'Chennai','Kanchipuram','2024-08-28 08:00:00','2024-08-28 09:00:00',9,'UPI',6333),
(1068,64,125,39,1133,650,'Completed',18,'Delhi','Noida','2024-08-29 07:30:00','2024-08-29 09:00:00',10,'Cash',6444),
(1069,65,112,40,1144,750,'Completed',20,'Hyderabad','Warangal','2024-08-30 08:00:00','2024-08-30 09:30:00',1,'Credit Card',6555),
(1070,66,126,36,1123,800,'Pending',22,'Mumbai','Pune','2024-08-31 07:00:00','2024-08-31 09:00:00',2,'Debit Card',6666),
(1071,67,124,23,1124,950,'Completed',24,'Bangalore','Mysore','2024-09-01 06:45:00','2024-09-01 08:30:00',3,'UPI',6777),
(1072,68,129,22,1125,600,'Completed',26,'Chennai','Coimbatore','2024-09-02 07:30:00','2024-09-02 09:00:00',4,'Cash',6888),
(1073,69,111,13,1126,650,'Completed',28,'Delhi','Gurgaon','2024-09-03 08:00:00','2024-09-03 09:30:00',5,'Credit Card',6999),
(1074,70,116,13,1127,700,'Pending',30,'Hyderabad','Warangal','2024-09-04 06:45:00','2024-09-04 08:30:00',6,'Debit Card',7111),
(1075,71,130,14,1128,750,'Completed',32,'Mumbai','Navi Mumbai','2024-09-05 07:00:00','2024-09-05 09:00:00',7,'UPI',7222),
(1076,72,119,19,1129,800,'Completed',34,'Bangalore','Chennai','2024-09-06 08:30:00','2024-09-06 10:00:00',8,'Cash',7333),
(1077,73,127,15,1130,950,'Pending',36,'Hyderabad','Warangal','2024-09-07 07:15:00','2024-09-07 09:00:00',9,'Credit Card',7444),
(1078,74,113,17,1141,600,'Completed',30,'Mumbai','Thane','2024-09-08 06:30:00','2024-09-08 08:00:00',10,'UPI',7555),
(1079,75,125,27,1142,650,'Completed',32,'Chennai','Vellore','2024-09-09 07:00:00','2024-09-09 09:30:00',1,'Cash',7666),
(1080,76,118,37,1143,700,'Completed',34,'Delhi','Agra','2024-09-10 07:45:00','2024-09-10 09:15:00',2,'Debit Card',7777),
(1081,77,114,38,1144,750,'Completed',36,'Hyderabad','Khammam','2024-09-11 08:00:00','2024-09-11 09:30:00',3,'UPI',7888),
(1082,78,120,40,1145,800,'Pending',38,'Bangalore','Hubli','2024-09-12 07:30:00','2024-09-12 09:00:00',4,'Credit Card',7999),
(1083,79,117,31,1146,850,'Completed',40,'Chennai','Madurai','2024-09-13 06:45:00','2024-09-13 08:30:00',5,'Debit Card',8111),
(1084,80,121,32,1147,950,'Completed',42,'Delhi','Gurgaon','2024-09-14 07:00:00','2024-09-14 09:00:00',6,'UPI',8222),
(1085,81,115,33,1148,600,'Completed',44,'Mumbai','Pune','2024-09-15 07:15:00','2024-09-15 09:00:00',7,'Cash',8333),
(1086,82,123,34,1149,650,'Pending',46,'Bangalore','Mysore','2024-09-16 08:30:00','2024-09-16 10:00:00',8,'Credit Card',8444),
(1087,83,129,35,1150,700,'Completed',48,'Hyderabad','Warangal','2024-09-17 07:00:00','2024-09-17 09:00:00',9,'Debit Card',8555),
(1088,84,128,36,1111,750,'Completed',50,'Chennai','Coimbatore','2024-09-18 06:30:00','2024-09-18 08:15:00',10,'UPI',8666),
(1089,85,112,37,1112,800,'Pending',52,'Delhi','Noida','2024-09-19 07:45:00','2024-09-19 09:00:00',1,'Cash',8777),
(1090,86,124,38,1113,850,'Completed',54,'Mumbai','Thane','2024-09-20 08:00:00','2024-09-20 09:30:00',2,'Credit Card',8888),
(1091,87,130,11,1114,950,'Completed',56,'Bangalore','Hubli','2024-09-21 07:15:00','2024-09-21 09:00:00',3,'Debit Card',8999),
(1092,88,117,12,1115,600,'Pending',58,'Chennai','Madurai','2024-09-22 06:45:00','2024-09-22 08:15:00',4,'UPI',9111),
(1093,89,122,13,1116,650,'Completed',60,'Delhi','Gurgaon','2024-09-23 07:00:00','2024-09-23 09:00:00',5,'Cash',9222),
(1094,90,126,14,1117,700,'Completed',62,'Hyderabad','Khammam','2024-09-24 08:00:00','2024-09-24 09:30:00',6,'Credit Card',9333),
(1095,91,111,15,1118,750,'Completed',64,'Mumbai','Pune','2024-09-25 07:30:00','2024-09-25 09:15:00',7,'Debit Card',9444),
(1096,92,129,16,1119,800,'Completed',66,'Bangalore','Chennai','2024-09-26 08:30:00','2024-09-26 10:00:00',8,'UPI',9555),
(1097,93,118,17,1120,850,'Pending',68,'Chennai','Kanchipuram','2024-09-27 07:45:00','2024-09-27 09:30:00',9,'Cash',9666),
(1098,94,123,18,1160,950,'Completed',70,'Delhi','Noida','2024-09-28 07:00:00','2024-09-28 09:00:00',10,'Credit Card',9777),
(1099,95,116,19,1162,600,'Completed',72,'Hyderabad','Warangal','2024-09-29 06:45:00','2024-09-29 08:30:00',1,'Debit Card',9888),
(1100,96,115,20,1163,650,'Pending',74,'Mumbai','Navi Mumbai','2024-09-30 08:00:00','2024-09-30 09:30:00',2,'UPI',9999);


#######################################################################################################################################

CREATE TABLE CUSTOMER_ADDRESS(
CUSTOMER_ADDRESS_ID INT UNIQUE NOT NULL,
CUSTOMER_ID INT,
ADDRESS_LINE1 VARCHAR(50) not null,
ADDRESS_LINE2 VARCHAR(50),
ADDRESS_LINE3 VARCHAR(50),
LANDMARK VARCHAR(20),
PINCODE INT,
CITY VARCHAR(20),
STATE ENUM('Andhra Pradesh','Arunachal Pradesh','Assam','Bihar','Chhattisgarh','Goa','Gujarat','Haryana','Himachal Pradesh','Jharkhand','Karnataka','Kerala','Madhya Pradesh',
'Maharashtra','Manipur','Meghalaya','Mizoram','Nagaland','Odisha','Punjab','Rajasthan','Sikkim','Tamil Nadu','Telangana','Tripura','Uttar Pradesh','Uttarakhand','West Bengal',
'Andaman and Nicobar Islands','Chandigarh','Dadra and Nagar Haveli and Daman and Diu','Lakshadweep','Delhi','Puducherry','Jammu and Kashmir','Ladakh'),
PRIMARY KEY (CUSTOMER_ADDRESS_ID),
FOREIGN KEY (CUSTOMER_ID) REFERENCES CUSTOMER (CUSTOMER_ID)
);

INSERT INTO Customer_Address (Customer_Address_ID, Customer_ID, Address_LINE1, CITY, STATE, PINCODE) VALUES 
(1,1, '123 Marine Drive', 'Mumbai', 'Maharashtra', 400002),
(2,2, '456 Brigade Road', 'Bangalore', 'Karnataka', 560001),
(3,3, '789 MG Road', 'Chennai', 'Tamil Nadu', 600001),
(4,4, '1010 Connaught Place', 'Delhi', 'Delhi', 110001),
(5,5, '1111 CG Road', 'Ahmedabad', 'Gujarat', 380009),
(6,6, '1345 MG Road', 'Mumbai', 'Maharashtra', 400003),
(10, 15, '21 Lakeview Street', 'Kolkata', 'West Bengal', 700029),
(11, 48, '89 Nehru Street', 'Hyderabad', 'Telangana', 500062),
(12, 92, '101 Green Park', 'Pune', 'Maharashtra', 411038),
(13, 33, '45 Kingfisher Road', 'Lucknow', 'Uttar Pradesh', 226001),
(14, 58, '32 Rose Garden', 'Bhopal', 'Madhya Pradesh', 462002),
(15, 77, '12 MG Extension', 'Jaipur', 'Rajasthan', 302001),
(16, 5, '56 Church Road', 'Surat', 'Gujarat', 395001),
(17, 39, '23 Vikas Nagar', 'Noida', 'Uttar Pradesh', 201301),
(18, 91, '78 Sunshine Avenue', 'Vadodara', 'Gujarat', 390001),
(19, 62, '100 Industrial Park', 'Chandigarh', 'Chandigarh', 160017),
(20, 21, '67 Whitefield Road', 'Bangalore', 'Karnataka', 560066),
(21, 16, '54 Blue Ridge', 'Indore', 'Madhya Pradesh', 452001),
(22, 40, '18 Palm Grove', 'Delhi', 'Delhi', 110015),
(23, 51, '92 Sunset Boulevard', 'Bhubaneswar', 'Odisha', 751022),
(24, 72, '27 Lajpat Nagar', 'Kochi', 'Kerala', 682015),
(25, 8, '9 Rajpath Street', 'Kolkata', 'West Bengal', 700001),
(26, 54, '73 Subhash Nagar', 'Chennai', 'Tamil Nadu', 600100),
(27, 26, '15 Park Lane', 'Pune', 'Maharashtra', 411004),
(28, 36, '44 High Street', 'Lucknow', 'Uttar Pradesh', 226002),
(29, 69, '60 Royal Plaza', 'Jaipur', 'Rajasthan', 302002),
(30, 3, '22 Ashoka Road', 'Bhopal', 'Madhya Pradesh', 462003),
(31, 59, '33 Vasant Vihar', 'Surat', 'Gujarat', 395002),
(32, 50, '18 Riverdale Road', 'Noida', 'Uttar Pradesh', 201303),
(33, 20, '90 Nehru Nagar', 'Vadodara', 'Gujarat', 390002),
(34, 73, '11 A Block', 'Chandigarh', 'Chandigarh', 160019),
(35, 46, '63 Park Street', 'Bangalore', 'Karnataka', 560017),
(36, 38, '8 Old Town', 'Indore', 'Madhya Pradesh', 452002),
(37, 82, '29 M Block', 'Delhi', 'Delhi', 110012),
(38, 9, '10 Green Park', 'Kochi', 'Kerala', 682020),
(39, 45, '67 Flower Lane', 'Bhubaneswar', 'Odisha', 751023),
(40, 66, '39 Golden Acres', 'Chennai', 'Tamil Nadu', 600101),
(41, 70, '31 Horizon Park', 'Mumbai', 'Maharashtra', 400018),
(42, 12, '49 City Center', 'Surat', 'Gujarat', 395007),
(43, 18, '74 Sunbeam Street', 'Bhopal', 'Madhya Pradesh', 462004),
(44, 56, '36 New Road', 'Lucknow', 'Uttar Pradesh', 226010),
(45, 14, '55 Prime Avenue', 'Kolkata', 'West Bengal', 700028),
(46, 67, '88 Bluebell Lane', 'Vadodara', 'Gujarat', 390003),
(47, 60, '37 Lotus Garden', 'Chandigarh', 'Chandigarh', 160021),
(48, 27, '22 Violet Street', 'Jaipur', 'Rajasthan', 302003),
(49, 75, '9 Silver Heights', 'Bhubaneswar', 'Odisha', 751024),
(50, 22, '52 Sky Lane', 'Kochi', 'Kerala', 682012);




##################################################################################################################################
CREATE TABLE CUSTOMER_CONTACT(
CUSTOMER_CONTACT_ID INT UNIQUE NOT NULL,
CUSTOMER_ID INT,
CONTACT BIGINT,
PRIMARY KEY (CUSTOMER_CONTACT_ID),
FOREIGN KEY (CUSTOMER_ID) REFERENCES CUSTOMER (CUSTOMER_ID)
);
INSERT INTO Customer_Contact (Customer_Contact_ID, Customer_ID, Contact) VALUES 
(1,1, 9876543210),
(2,2, 8765432109),
(3,3, 7654321098),
(4,4, 6543210987),
(5,5, 5432109876),
(9, 53, 9876543210),
(10, 68, 8765432109),
(11, 25, 7654321098),
(12, 72, 6543210987),
(13, 15, 5432109876),
(14, 39, 4321098765),
(15, 91, 3210987654),
(16, 82, 2109876543),
(17, 14, 1098765432),
(18, 63, 9988776655),
(19, 47, 8877665544),
(20, 90, 7766554433),
(21, 59, 6655443322),
(22, 32, 5544332211),
(23, 10, 4433221100),
(24, 76, 3322110099),
(25, 41, 2211009988),
(26, 88, 1100998877),
(27, 24, 9998887776),
(28, 65, 8887776665),
(29, 49, 7776665554),
(30, 71, 6665554443),
(31, 5, 5554443332),
(32, 33, 4443332221),
(33, 18, 3332221110),
(34, 84, 2221110009),
(35, 20, 1110009998),
(36, 8, 9999998887),
(37, 56, 8888887776),
(38, 70, 7777776665),
(39, 29, 6666665554),
(40, 78, 5555554443),
(41, 69, 4444443332),
(42, 35, 3333332221),
(43, 16, 2222221110),
(44, 42, 1111110009),
(45, 23, 9999998888),
(46, 17, 8888887777),
(47, 34, 7777776666),
(48, 50, 6666665555),
(49, 66, 5555554444),
(50, 21, 4444443333),
(51, 60, 3333332222),
(52, 22, 2222221111),
(53, 40, 1111110000),
(54, 7, 9999998886),
(55, 61, 8888887775),
(56, 73, 7777776664),
(57, 74, 6666665553),
(58, 19, 5555554442),
(59, 62, 4444443331),
(60, 28, 3333332220),
(61, 36, 2222221119),
(62, 51, 1111110008),
(63, 80, 9999998885),
(64, 64, 8888887774),
(65, 55, 7777776663),
(66, 26, 6666665552),
(67, 3, 5555554441),
(68, 37, 4444443330),
(69, 11, 3333332219),
(70, 83, 2222221118),
(71, 48, 1111110007),
(72, 4, 9999998884),
(73, 53, 8888887773),
(74, 30, 7777776662),
(75, 67, 6666665551),
(76, 12, 5555554440),
(77, 85, 4444443329),
(78, 45, 3333332218),
(79, 58, 2222221117),
(80, 79, 1111110006),
(81, 38, 9999998883),
(82, 77, 8888887772),
(83, 18, 7777776661),
(84, 46, 6666665550),
(85, 27, 5555554439),
(86, 31, 4444443328),
(87, 10, 3333332217),
(88, 64, 2222221116),
(89, 73, 1111110005),
(90, 69, 9999998882),
(91, 44, 8888887771),
(92, 25, 7777776660),
(93, 68, 6666665549),
(94, 32, 5555554438),
(95, 57, 4444443327),
(96, 43, 3333332216),
(97, 54, 2222221115),
(98, 63, 1111110004),
(99, 66, 9999998881),
(100, 48, 8888887770);


######################################################################################################################################

CREATE TABLE DRIVER_CONTACT(
DRIVER_CONTACT_ID INT UNIQUE NOT NULL,
DRIVER_ID INT,
CONTACT BIGINT,
PRIMARY KEY (DRIVER_CONTACT_ID),
FOREIGN KEY (DRIVER_ID) REFERENCES DRIVER (DRIVER_ID)
);

INSERT INTO Driver_Contact (Driver_Contact_ID,Driver_ID, Contact) VALUES 
(1,101, 9123456780),
(2,102, 8012345679),
(3,103, 7012345678),
(4,104, 6012345677),
(5,105, 5012345676),
(7, 101, 9123456780),
(8, 102, 8012345679),
(9, 103, 7012345678),
(10, 104, 6012345677),
(11, 105, 5012345676),
(12, 106, 4123456789),
(13, 107, 3223456788),
(14, 108, 2323456787),
(15, 109, 1423456786),
(16, 110, 0523456785),
(17, 111, 9623456784),
(18, 112, 8723456783),
(19, 113, 7823456782),
(20, 114, 6923456781),
(21, 115, 6023456780),
(22, 116, 5123456779),
(23, 117, 4223456778),
(24, 118, 3323456777),
(25, 119, 2423456776),
(26, 120, 1523456775),
(27, 121, 0623456774),
(28, 122, 9723456773),
(29, 123, 8823456772),
(30, 124, 7923456771),
(31, 125, 7023456770),
(32, 126, 6123456769),
(33, 127, 5223456768),
(34, 128, 4323456767),
(35, 129, 3423456766),
(36, 130, 2523456765),
(37, 101, 1623456764),
(38, 102, 0723456763),
(39, 103, 9823456762),
(40, 104, 8923456761),
(41, 105, 8023456760),
(42, 106, 7123456759),
(43, 107, 6223456758),
(44, 108, 5323456757),
(45, 109, 4423456756),
(46, 110, 3523456755),
(47, 111, 2623456754),
(48, 112, 1723456753),
(49, 113, 0823456752),
(50, 114, 9923456751),
(51, 115, 9023456750),
(52, 116, 8123456749),
(53, 117, 7223456748),
(54, 118, 6323456747),
(55, 119, 5423456746),
(56, 120, 4523456745),
(57, 121, 3623456744),
(58, 122, 2723456743),
(59, 123, 1823456742),
(60, 124, 0923456741),
(61, 125, 9923456740),
(62, 126, 9023456739),
(63, 127, 8123456738),
(64, 128, 7223456737),
(65, 129, 6323456736),
(66, 130, 5423456735);


######################################################################################################################################
CREATE TABLE DRIVER_ADDRESS(
DRIVER_ADDRESS_ID INT UNIQUE NOT NULL,
DRIVER_ID INT,
ADDRESS_LINE1 VARCHAR(50) not null,
ADDRESS_LINE2 VARCHAR(50) NULL,
ADDRESS_LINE3 VARCHAR(50) NULL,
LANDMARK VARCHAR(20)NULL ,
PINCODE INT,
CITY VARCHAR(20),
STATE ENUM('Andhra Pradesh','Arunachal Pradesh','Assam','Bihar','Chhattisgarh','Goa','Gujarat','Haryana','Himachal Pradesh','Jharkhand','Karnataka','Kerala','Madhya Pradesh',
'Maharashtra','Manipur','Meghalaya','Mizoram','Nagaland','Odisha','Punjab','Rajasthan','Sikkim','Tamil Nadu','Telangana','Tripura','Uttar Pradesh','Uttarakhand','West Bengal',
'Andaman and Nicobar Islands','Chandigarh','Dadra and Nagar Haveli and Daman and Diu','Lakshadweep','Delhi','Puducherry','Jammu and Kashmir','Ladakh'),
PRIMARY KEY (DRIVER_ADDRESS_ID),
FOREIGN KEY (DRIVER_ID) REFERENCES DRIVER (DRIVER_ID)
);

INSERT INTO Driver_Address(Driver_Address_ID, Driver_ID, Address_LINE1, CITY, STATE, PINCODE) VALUES 
(1,101, '222 Nehru Road', 'Pune', 'Maharashtra', 411001),
(2,102, '333 Indiranagar', 'Mysore', 'Karnataka', 570001),
(3,103, '444 Velachery', 'Chennai', 'Tamil Nadu', 600042),
(4,104, '555 Saket', 'Delhi', 'Delhi', 110017),
(5,105, '666 CG Road', 'Vadodara', 'Bihar', 789633),
(10, 101, '789 MG Road', 'Mumbai', 'Maharashtra', 400002),
(11, 102, '567 Brigade Road', 'Bangalore', 'Karnataka', 560001),
(12, 103, '890 Anna Salai', 'Chennai', 'Tamil Nadu', 600006),
(13, 104, '234 Residency Road', 'Hyderabad', 'Telangana', 500016),
(14, 105, '678 Mall Road', 'Delhi', 'Delhi', 110001),
(15, 106, '543 Durgabai Deshmukh Road', 'Mumbai', 'Maharashtra', 400007),
(16, 107, '321 MG Extension', 'Bangalore', 'Karnataka', 560066),
(17, 108, '765 Trichy Road', 'Coimbatore', 'Tamil Nadu', 641023),
(18, 109, '432 City Center', 'Hyderabad', 'Telangana', 500034),
(19, 110, '123 New Colony', 'Delhi', 'Delhi', 110018),
(20, 111, '98 Pearl Street', 'Pune', 'Maharashtra', 411014),
(21, 112, '876 Central Avenue', 'Chennai', 'Tamil Nadu', 600100),
(22, 113, '345 Lakeview Road', 'Bangalore', 'Karnataka', 560027),
(23, 114, '567 Jaya Nagar', 'Hyderabad', 'Telangana', 500082),
(24, 115, '890 South Extension', 'Delhi', 'Delhi', 110049),
(25, 116, '1234 Rajaji Road', 'Coimbatore', 'Tamil Nadu', 641001),
(26, 117, '567 Dadar East', 'Mumbai', 'Maharashtra', 400014),
(27, 118, '789 Bangalore Road', 'Bangalore', 'Karnataka', 560037),
(28, 119, '1123 Ekkatuthangal', 'Chennai', 'Tamil Nadu', 600032),
(29, 120, '324 Nehru Place', 'Delhi', 'Delhi', 110019),
(30, 121, '876 Thiruvanmiyur', 'Chennai', 'Tamil Nadu', 600041),
(31, 122, '567 BTM Layout', 'Bangalore', 'Karnataka', 560076),
(32, 123, '890 Old Airport Road', 'Bangalore', 'Karnataka', 560008),
(33, 124, '123 Alwarpet', 'Chennai', 'Tamil Nadu', 600018),
(34, 125, '765 Lalbagh Road', 'Hyderabad', 'Telangana', 500045),
(35, 126, '876 Fort Road', 'Pune', 'Maharashtra', 411005),
(36, 127, '654 Ashok Nagar', 'Delhi', 'Delhi', 110020),
(37, 128, '432 Park Street', 'Mumbai', 'Maharashtra', 400013),
(38, 129, '876 Elgin Road', 'Kolkata', 'West Bengal', 700027),
(39, 130, '345 Connaught Place', 'Delhi', 'Delhi', 110042),
(40, 101, '234 MG Road', 'Bangalore', 'Karnataka', 560029),
(41, 102, '987 Nungambakkam', 'Chennai', 'Tamil Nadu', 600034),
(42, 103, '345 MG Extension', 'Hyderabad', 'Telangana', 500037),
(43, 104, '765 Shankar Road', 'Delhi', 'Delhi', 110050),
(44, 105, '432 Banaswadi', 'Bangalore', 'Karnataka', 560043),
(45, 106, '876 Mount Road', 'Chennai', 'Tamil Nadu', 600018),
(46, 107, '123 Park Avenue', 'Delhi', 'Delhi', 110055),
(47, 108, '345 Ashok Vihar', 'Mumbai', 'Maharashtra', 400019),
(48, 109, '876 Nehru Nagar', 'Bangalore', 'Karnataka', 560039),
(49, 110, '234 MG Extension', 'Hyderabad', 'Telangana', 500012),
(50, 111, '432 Chidambaram', 'Pune', 'Maharashtra', 411016),
(51, 112, '567 Banjara Hills', 'Hyderabad', 'Telangana', 500034),
(52, 113, '890 Kotturpuram', 'Chennai', 'Tamil Nadu', 600085),
(53, 114, '765 Mall Road', 'Delhi', 'Delhi', 110017),
(54, 115, '123 Ameerpet', 'Hyderabad', 'Telangana', 500018),
(55, 116, '987 Basavanagudi', 'Bangalore', 'Karnataka', 560004),
(56, 117, '654 MG Extension', 'Chennai', 'Tamil Nadu', 600033),
(57, 118, '234 Tharamani', 'Hyderabad', 'Telangana', 500061),
(58, 119, '765 Vijayanagar', 'Bangalore', 'Karnataka', 560011),
(59, 120, '876 West Mambalam', 'Chennai', 'Tamil Nadu', 600033),
(60, 121, '123 R S Road', 'Mumbai', 'Maharashtra', 400002),
(61, 122, '567 Kammanahalli', 'Bangalore', 'Karnataka', 560084),
(62, 123, '234 Chennai Road', 'Delhi', 'Delhi', 110023),
(63, 124, '765 Indraprastha', 'Mumbai', 'Maharashtra', 400032),
(64, 125, '876 Dilsukhnagar', 'Hyderabad', 'Telangana', 500060),
(65, 126, '345 Nallakunta', 'Chennai', 'Tamil Nadu', 600021),
(66, 127, '987 Rajajinagar', 'Bangalore', 'Karnataka', 560086),
(67, 128, '432 Sadar Bazar', 'Delhi', 'Delhi', 110024),
(68, 129, '876 Kalu Sarai', 'Delhi', 'Delhi', 110025),
(69, 130, '234 Habsiguda', 'Hyderabad', 'Telangana', 500007);

